loan_id,member_id,product_type,principal_kes,outstanding_kes,disbursement_date,tenor_months,days_past_due,par30_flag,concentration_pct,single_borrower_limit_pct
LN000001,STM00001,School Fees Loan,494000.0,328000.0,2022-09-10,60,4,0,0.4199313770676499,10.0
LN000002,STM00002,Business Loan,1055000.0,989000.0,2022-09-22,12,39,1,1.266195524146054,10.0
LN000003,STM00003,School Fees Loan,878000.0,228000.0,2023-01-10,48,30,0,0.9666103344087674,10.0
LN000004,STM00003,Business Loan,852000.0,527000.0,2023-01-01,48,5,0,0.9666103344087674,10.0
LN000005,STM00004,Business Loan,355000.0,134000.0,2022-01-03,24,47,1,0.42121165565627083,10.0
LN000006,STM00004,School Fees Loan,266000.0,195000.0,2022-07-10,36,0,0,0.42121165565627083,10.0
LN000007,STM00005,Home Loan,611000.0,325000.0,2023-07-25,24,17,0,0.4160905413017873,10.0
LN000008,STM00006,Home Loan,1119000.0,506000.0,2023-12-02,12,37,1,1.135607108106724,10.0
LN000009,STM00006,Emergency Loan,776000.0,381000.0,2023-03-28,48,6,0,1.135607108106724,10.0
LN000010,STM00007,School Fees Loan,590000.0,263000.0,2022-11-17,48,18,0,0.6887898806780355,10.0
LN000011,STM00007,Emergency Loan,373000.0,275000.0,2023-10-11,12,5,0,0.6887898806780355,10.0
LN000012,STM00008,School Fees Loan,1115000.0,163000.0,2022-07-02,24,0,0,0.20868540994520407,10.0
LN000013,STM00009,School Fees Loan,900000.0,648000.0,2023-06-05,12,59,1,0.8296205254263328,10.0
LN000014,STM00010,Emergency Loan,208000.0,69000.0,2023-01-20,12,2,0,0.3687202335228146,10.0
LN000015,STM00010,Home Loan,410000.0,219000.0,2023-10-31,12,9,0,0.3687202335228146,10.0
LN000016,STM00011,Home Loan,378000.0,149000.0,2022-01-07,24,9,0,0.3866441337635069,10.0
LN000017,STM00011,Home Loan,453000.0,153000.0,2023-07-30,12,18,0,0.3866441337635069,10.0
LN000018,STM00012,Home Loan,287000.0,147000.0,2022-07-27,36,50,1,0.18820095252726993,10.0
LN000019,STM00013,Business Loan,754000.0,606000.0,2023-04-05,24,3,0,0.7758488247042556,10.0
LN000020,STM00014,Home Loan,640000.0,194000.0,2023-07-02,48,31,1,0.24837404619245146,10.0
LN000021,STM00015,Emergency Loan,305000.0,272000.0,2023-11-22,24,26,0,0.34823577610488043,10.0
LN000022,STM00016,Home Loan,349000.0,89000.0,2022-10-13,48,4,0,0.11394479438725867,10.0
LN000023,STM00017,Business Loan,869000.0,541000.0,2022-07-15,12,9,0,0.6926307164438982,10.0
LN000024,STM00018,School Fees Loan,266000.0,131000.0,2023-04-15,60,33,1,0.1677164951093358,10.0
LN000025,STM00019,Emergency Loan,474000.0,424000.0,2023-03-14,60,4,0,1.1074409791570645,10.0
LN000026,STM00019,Home Loan,679000.0,441000.0,2023-06-09,12,28,0,1.1074409791570645,10.0
LN000027,STM00020,School Fees Loan,200000.0,125000.0,2023-08-23,48,31,1,0.1600348235776105,10.0
LN000028,STM00021,School Fees Loan,452000.0,314000.0,2022-07-02,12,35,1,1.1304859937522405,10.0
LN000029,STM00021,Emergency Loan,842000.0,569000.0,2023-01-06,60,3,0,1.1304859937522405,10.0
LN000030,STM00022,Emergency Loan,756000.0,386000.0,2022-12-27,24,18,0,0.4941875352076612,10.0
LN000031,STM00023,Emergency Loan,545000.0,394000.0,2023-02-23,12,1,0,1.0357453781942951,10.0
LN000032,STM00023,Home Loan,835000.0,415000.0,2022-10-28,60,32,1,1.0357453781942951,10.0
LN000033,STM00024,Business Loan,268000.0,185000.0,2023-07-08,12,8,0,0.23685153889486354,10.0
LN000034,STM00025,Home Loan,744000.0,464000.0,2022-02-15,60,4,0,0.5940492651200902,10.0
LN000035,STM00026,Home Loan,709000.0,607000.0,2022-06-28,60,25,0,0.7771291032928765,10.0
LN000036,STM00028,Emergency Loan,807000.0,383000.0,2023-10-17,60,40,1,0.9435653198135915,10.0
LN000037,STM00028,Business Loan,744000.0,354000.0,2022-06-18,36,13,0,0.9435653198135915,10.0
LN000038,STM00029,School Fees Loan,385000.0,202000.0,2023-03-25,36,16,0,0.48138474932145237,10.0
LN000039,STM00029,Home Loan,752000.0,174000.0,2022-01-06,36,3,0,0.48138474932145237,10.0
LN000040,STM00030,Home Loan,658000.0,164000.0,2023-04-03,60,8,0,0.20996568853382494,10.0
LN000041,STM00031,School Fees Loan,410000.0,216000.0,2022-04-30,48,1,0,0.27654017514211093,10.0
LN000042,STM00033,Business Loan,1015000.0,907000.0,2023-09-09,36,3,0,1.1612126798791418,10.0
LN000043,STM00035,Business Loan,541000.0,160000.0,2022-07-28,24,12,0,0.20484457417934143,10.0
LN000044,STM00036,School Fees Loan,1010000.0,538000.0,2022-07-28,48,2,0,0.6887898806780355,10.0
LN000045,STM00037,School Fees Loan,658000.0,346000.0,2023-09-20,48,18,0,0.4429763916628258,10.0
LN000046,STM00038,Business Loan,814000.0,676000.0,2022-06-09,12,28,0,0.8654683259077175,10.0
LN000047,STM00039,Home Loan,904000.0,176000.0,2023-02-21,24,15,0,0.22532903159727555,10.0
LN000048,STM00040,Home Loan,404000.0,44000.0,2023-04-10,60,37,1,0.22404875300865468,10.0
LN000049,STM00040,Home Loan,280000.0,131000.0,2022-08-09,48,3,0,0.22404875300865468,10.0
LN000050,STM00041,Emergency Loan,497000.0,214000.0,2022-09-30,24,25,0,0.4698622420238644,10.0
LN000051,STM00041,Business Loan,824000.0,153000.0,2022-04-15,24,23,0,0.4698622420238644,10.0
LN000052,STM00042,School Fees Loan,1129000.0,320000.0,2023-04-16,60,6,0,0.40968914835868286,10.0
LN000053,STM00043,School Fees Loan,588000.0,455000.0,2022-09-14,48,14,0,0.5825267578225022,10.0
LN000054,STM00044,Home Loan,676000.0,256000.0,2022-10-21,24,7,0,0.3277513186869463,10.0
LN000055,STM00045,Business Loan,976000.0,488000.0,2022-09-13,60,7,0,1.9818712551851283,10.0
LN000056,STM00045,Home Loan,1174000.0,1060000.0,2022-08-20,12,11,0,1.9818712551851283,10.0
LN000057,STM00046,Home Loan,805000.0,615000.0,2023-03-04,60,3,0,1.588825728478517,10.0
LN000058,STM00046,School Fees Loan,1017000.0,626000.0,2022-11-19,36,27,0,1.588825728478517,10.0
LN000059,STM00047,Emergency Loan,284000.0,197000.0,2023-08-18,48,30,0,0.4340144415424797,10.0
LN000060,STM00047,School Fees Loan,214000.0,142000.0,2022-04-10,12,58,1,0.4340144415424797,10.0
LN000061,STM00048,Emergency Loan,218000.0,116000.0,2022-04-22,12,4,0,0.14851231628002254,10.0
LN000062,STM00049,Home Loan,361000.0,163000.0,2023-08-05,60,0,0,0.20868540994520407,10.0
LN000063,STM00050,Emergency Loan,559000.0,362000.0,2023-07-16,24,18,0,0.46346084908075996,10.0
LN000064,STM00051,Emergency Loan,1182000.0,218000.0,2023-05-25,24,8,0,1.2623546883801915,10.0
LN000065,STM00051,School Fees Loan,1098000.0,768000.0,2022-07-10,60,16,0,1.2623546883801915,10.0
LN000066,STM00052,Emergency Loan,665000.0,498000.0,2023-08-22,48,38,1,0.6375787371332001,10.0
LN000067,STM00053,School Fees Loan,652000.0,261000.0,2022-06-23,36,7,0,0.33415271163005067,10.0
LN000068,STM00054,School Fees Loan,741000.0,86000.0,2023-10-03,48,24,0,0.320069647155221,10.0
LN000069,STM00054,Emergency Loan,606000.0,164000.0,2023-03-31,60,13,0,0.320069647155221,10.0
LN000070,STM00056,Home Loan,698000.0,632000.0,2022-10-03,60,24,0,0.8091360680083987,10.0
LN000071,STM00057,Home Loan,497000.0,81000.0,2022-04-06,36,9,0,0.1037025656782916,10.0
LN000072,STM00059,School Fees Loan,819000.0,426000.0,2022-11-01,48,10,0,0.5453986787524966,10.0
LN000073,STM00060,School Fees Loan,208000.0,32000.0,2023-07-31,60,24,0,0.040968914835868286,10.0
LN000074,STM00061,Business Loan,506000.0,341000.0,2023-05-20,24,9,0,1.0383059353715367,10.0
LN000075,STM00061,School Fees Loan,703000.0,470000.0,2023-11-11,36,7,0,1.0383059353715367,10.0
LN000076,STM00063,Emergency Loan,648000.0,199000.0,2023-05-18,60,0,0,0.2547754391355559,10.0
LN000077,STM00064,School Fees Loan,655000.0,563000.0,2023-11-28,36,5,0,0.7207968453935576,10.0
LN000078,STM00065,School Fees Loan,468000.0,316000.0,2022-05-16,24,2,0,0.40456803400419933,10.0
LN000079,STM00066,Home Loan,855000.0,801000.0,2023-11-17,48,11,0,1.025503149485328,10.0
LN000080,STM00067,Business Loan,357000.0,190000.0,2022-08-11,60,27,0,0.24325293183796795,10.0
LN000081,STM00068,Business Loan,282000.0,29000.0,2022-07-04,36,7,0,0.17923900240692375,10.0
LN000082,STM00068,Emergency Loan,167000.0,111000.0,2023-01-12,36,16,0,0.17923900240692375,10.0
LN000083,STM00069,Home Loan,512000.0,55000.0,2022-06-17,36,7,0,0.07041532237414862,10.0
LN000084,STM00070,Business Loan,974000.0,880000.0,2022-09-29,60,17,0,1.1266451579863779,10.0
LN000085,STM00071,Home Loan,791000.0,244000.0,2023-09-24,60,3,0,0.3123879756234957,10.0
LN000086,STM00072,Home Loan,1322000.0,1239000.0,2023-09-04,60,3,0,3.120038920469094,10.0
LN000087,STM00072,Home Loan,1320000.0,1198000.0,2022-12-01,48,10,0,3.120038920469094,10.0
LN000088,STM00073,Business Loan,1280000.0,504000.0,2022-07-29,36,44,1,0.6452604086649255,10.0
LN000089,STM00074,Home Loan,306000.0,134000.0,2023-07-18,48,26,0,0.30598658268039125,10.0
LN000090,STM00074,School Fees Loan,203000.0,105000.0,2023-11-11,12,1,0,0.30598658268039125,10.0
LN000091,STM00075,Home Loan,216000.0,171000.0,2023-04-04,48,51,1,0.3136682542121166,10.0
LN000092,STM00075,Emergency Loan,262000.0,74000.0,2022-11-13,60,0,0,0.3136682542121166,10.0
LN000093,STM00076,Home Loan,223000.0,188000.0,2023-09-23,48,20,0,0.385363855174886,10.0
LN000094,STM00076,Emergency Loan,295000.0,113000.0,2023-11-26,36,4,0,0.385363855174886,10.0
LN000095,STM00077,School Fees Loan,623000.0,360000.0,2022-05-14,60,5,0,0.4609002919035182,10.0
LN000096,STM00078,Business Loan,1056000.0,414000.0,2022-01-09,24,2,0,0.5300353356890459,10.0
LN000097,STM00079,Business Loan,762000.0,234000.0,2023-10-29,24,32,1,0.2995851897372868,10.0
LN000098,STM00080,School Fees Loan,274000.0,51000.0,2023-02-15,12,15,0,0.06529420801966508,10.0
LN000099,STM00081,Emergency Loan,745000.0,678000.0,2022-02-10,36,5,0,0.8680288830849594,10.0
LN000100,STM00082,Emergency Loan,1100000.0,715000.0,2023-11-30,12,53,1,1.6169918574281763,10.0
LN000101,STM00082,Emergency Loan,739000.0,548000.0,2022-04-25,24,47,1,1.6169918574281763,10.0
LN000102,STM00084,Business Loan,665000.0,205000.0,2022-12-23,36,5,0,0.2624571106672812,10.0
LN000103,STM00085,School Fees Loan,510000.0,74000.0,2022-08-04,36,56,1,0.9153991908639321,10.0
LN000104,STM00085,Home Loan,984000.0,641000.0,2023-04-21,36,6,0,0.9153991908639321,10.0
LN000105,STM00086,Business Loan,279000.0,220000.0,2022-04-22,48,46,1,0.28166128949659447,10.0
LN000106,STM00087,Home Loan,697000.0,131000.0,2022-02-06,24,1,0,0.5095508782711118,10.0
LN000107,STM00087,School Fees Loan,944000.0,267000.0,2023-10-02,60,24,0,0.5095508782711118,10.0
LN000108,STM00088,Business Loan,314000.0,217000.0,2022-11-21,12,4,0,0.27782045373073183,10.0
LN000109,STM00089,Emergency Loan,524000.0,139000.0,2022-03-12,36,49,1,0.17795872381830286,10.0
LN000110,STM00091,Home Loan,108000.0,44000.0,2022-01-27,48,11,0,0.05633225789931889,10.0
LN000111,STM00092,Business Loan,142000.0,56000.0,2022-07-01,12,23,0,0.0716956009627695,10.0
LN000112,STM00093,Business Loan,333000.0,302000.0,2023-07-22,12,4,0,0.3866441337635069,10.0
LN000113,STM00094,Emergency Loan,120000.0,114000.0,2022-09-17,60,41,1,0.18692067393864903,10.0
LN000114,STM00094,Home Loan,167000.0,32000.0,2022-07-04,60,6,0,0.18692067393864903,10.0
LN000115,STM00095,School Fees Loan,341000.0,194000.0,2022-08-25,36,1,0,0.5927689865314693,10.0
LN000116,STM00095,School Fees Loan,306000.0,269000.0,2023-03-31,48,8,0,0.5927689865314693,10.0
LN000117,STM00096,School Fees Loan,157000.0,59000.0,2023-08-06,12,12,0,0.07553643672863215,10.0
LN000118,STM00097,School Fees Loan,230000.0,62000.0,2022-04-08,24,5,0,0.0793772724944948,10.0
LN000119,STM00098,Business Loan,262000.0,193000.0,2022-08-20,48,9,0,0.30982741844625394,10.0
LN000120,STM00098,School Fees Loan,217000.0,49000.0,2022-01-09,24,3,0,0.30982741844625394,10.0
LN000121,STM00099,Business Loan,118000.0,92000.0,2022-11-20,36,17,0,0.11778563015312131,10.0
LN000122,STM00101,Home Loan,210000.0,43000.0,2023-07-14,12,2,0,0.143391201925539,10.0
LN000123,STM00101,School Fees Loan,109000.0,69000.0,2023-11-20,36,5,0,0.143391201925539,10.0
LN000124,STM00102,School Fees Loan,222000.0,67000.0,2023-11-18,12,10,0,0.08577866543759922,10.0
LN000125,STM00103,Business Loan,310000.0,292000.0,2023-11-28,60,8,0,0.37384134787729806,10.0
LN000126,STM00104,School Fees Loan,203000.0,186000.0,2023-08-16,36,25,0,0.5479592359297383,10.0
LN000127,STM00104,School Fees Loan,304000.0,242000.0,2023-11-16,36,14,0,0.5479592359297383,10.0
LN000128,STM00105,Business Loan,93000.0,80000.0,2022-01-04,12,32,1,0.10242228708967072,10.0
LN000129,STM00107,School Fees Loan,171000.0,18000.0,2023-01-17,24,34,1,0.2125262457110667,10.0
LN000130,STM00107,Business Loan,183000.0,148000.0,2023-02-25,36,3,0,0.2125262457110667,10.0
LN000131,STM00108,Business Loan,137000.0,28000.0,2023-02-14,60,24,0,0.03584780048138475,10.0
LN000132,STM00109,Emergency Loan,155000.0,79000.0,2022-11-21,12,7,0,0.10114200850104983,10.0
LN000133,STM00110,Home Loan,161000.0,131000.0,2022-02-14,12,5,0,0.2381318174834844,10.0
LN000134,STM00110,Emergency Loan,110000.0,55000.0,2023-06-16,36,12,0,0.2381318174834844,10.0
LN000135,STM00111,School Fees Loan,120000.0,13000.0,2023-04-22,60,18,0,0.01664362165207149,10.0
LN000136,STM00112,Business Loan,81000.0,76000.0,2023-09-25,36,7,0,0.17411788805244022,10.0
LN000137,STM00112,Emergency Loan,155000.0,60000.0,2023-01-31,24,18,0,0.17411788805244022,10.0
LN000138,STM00113,Emergency Loan,140000.0,128000.0,2022-10-17,12,0,0,0.16387565934347315,10.0
LN000139,STM00114,Home Loan,211000.0,71000.0,2023-04-19,60,10,0,0.2855021252624571,10.0
LN000140,STM00114,School Fees Loan,199000.0,152000.0,2022-11-28,12,5,0,0.2855021252624571,10.0
LN000141,STM00115,School Fees Loan,57000.0,31000.0,2023-01-23,36,5,0,0.0396886362472474,10.0
LN000142,STM00118,School Fees Loan,195000.0,78000.0,2022-12-31,12,15,0,0.1600348235776105,10.0
LN000143,STM00118,Business Loan,322000.0,47000.0,2022-07-15,36,9,0,0.1600348235776105,10.0
LN000144,STM00120,Home Loan,358000.0,59000.0,2022-12-04,60,1,0,0.2791007323193527,10.0
LN000145,STM00120,Emergency Loan,256000.0,159000.0,2023-01-31,36,65,1,0.2791007323193527,10.0
LN000146,STM00121,Home Loan,195000.0,142000.0,2023-06-03,36,16,0,0.18179955958416552,10.0
LN000147,STM00122,Home Loan,162000.0,128000.0,2023-04-15,48,3,0,0.24069237466072618,10.0
LN000148,STM00122,Emergency Loan,139000.0,60000.0,2023-07-01,36,6,0,0.24069237466072618,10.0
LN000149,STM00123,Business Loan,130000.0,15000.0,2023-07-23,24,6,0,0.01920417882931326,10.0
LN000150,STM00125,School Fees Loan,278000.0,111000.0,2023-09-14,36,5,0,0.14211092333691813,10.0
LN000151,STM00126,Home Loan,220000.0,111000.0,2023-02-12,60,24,0,0.14211092333691813,10.0
LN000152,STM00127,School Fees Loan,282000.0,200000.0,2022-01-18,60,33,1,0.4199313770676499,10.0
LN000153,STM00127,Emergency Loan,396000.0,128000.0,2023-05-09,12,13,0,0.4199313770676499,10.0
LN000154,STM00129,School Fees Loan,272000.0,28000.0,2023-11-07,60,6,0,0.03584780048138475,10.0
LN000155,STM00130,Emergency Loan,298000.0,85000.0,2022-06-20,12,8,0,0.10882368003277514,10.0
LN000156,STM00133,Emergency Loan,119000.0,78000.0,2023-06-17,24,4,0,0.09986172991242893,10.0
LN000157,STM00134,Home Loan,106000.0,27000.0,2023-07-20,36,10,0,0.09730117273518718,10.0
LN000158,STM00134,Business Loan,90000.0,49000.0,2023-03-25,12,8,0,0.09730117273518718,10.0
LN000159,STM00135,Emergency Loan,89000.0,79000.0,2022-11-30,24,7,0,0.10114200850104983,10.0
LN000160,STM00136,School Fees Loan,340000.0,129000.0,2022-05-07,12,7,0,0.16515593793209402,10.0
LN000161,STM00137,Emergency Loan,206000.0,104000.0,2022-08-17,24,22,0,0.13314897321657193,10.0
LN000162,STM00138,Business Loan,72000.0,24000.0,2022-11-01,60,26,0,0.030726686126901215,10.0
LN000163,STM00140,Business Loan,240000.0,101000.0,2023-11-25,12,40,1,0.1293081374507093,10.0
LN000164,STM00141,Home Loan,272000.0,50000.0,2022-12-12,48,13,0,0.0640139294310442,10.0
LN000165,STM00142,School Fees Loan,266000.0,179000.0,2023-04-11,24,61,1,0.5428381215752548,10.0
LN000166,STM00142,Home Loan,259000.0,245000.0,2023-11-14,60,18,0,0.5428381215752548,10.0
LN000167,STM00143,Home Loan,322000.0,168000.0,2023-01-30,60,30,0,0.2150868028883085,10.0
LN000168,STM00144,Business Loan,159000.0,18000.0,2023-06-12,60,3,0,0.04480975060173094,10.0
LN000169,STM00144,Emergency Loan,90000.0,17000.0,2022-03-29,12,14,0,0.04480975060173094,10.0
LN000170,STM00145,Emergency Loan,383000.0,165000.0,2022-07-03,24,23,0,0.21124596712244587,10.0
LN000171,STM00146,Home Loan,145000.0,29000.0,2023-02-11,48,32,1,0.037128079070005635,10.0
LN000172,STM00147,Home Loan,83000.0,33000.0,2022-08-06,48,10,0,0.04224919342448917,10.0
LN000173,STM00149,Business Loan,118000.0,63000.0,2023-04-15,24,58,1,0.08065755108311569,10.0
LN000174,STM00150,Emergency Loan,157000.0,144000.0,2022-08-15,48,7,0,0.25093460336969325,10.0
LN000175,STM00150,Emergency Loan,81000.0,52000.0,2022-06-03,60,3,0,0.25093460336969325,10.0
LN000176,STM00151,Emergency Loan,176000.0,165000.0,2022-09-25,60,1,0,0.21124596712244587,10.0
LN000177,STM00152,Emergency Loan,85000.0,53000.0,2022-06-20,48,8,0,0.10626312285553335,10.0
LN000178,STM00152,Business Loan,100000.0,30000.0,2022-03-07,60,8,0,0.10626312285553335,10.0
LN000179,STM00154,School Fees Loan,307000.0,282000.0,2022-11-30,48,2,0,0.36103856199108925,10.0
LN000180,STM00155,Business Loan,320000.0,294000.0,2022-04-24,24,17,0,0.37640190505453985,10.0
LN000181,STM00156,School Fees Loan,254000.0,223000.0,2022-04-07,36,18,0,0.2855021252624571,10.0
LN000182,STM00157,School Fees Loan,366000.0,190000.0,2023-11-14,12,12,0,0.24325293183796795,10.0
LN000183,STM00158,Emergency Loan,166000.0,72000.0,2022-01-29,48,2,0,0.09218005838070364,10.0
LN000184,STM00159,Emergency Loan,177000.0,152000.0,2023-07-17,48,36,1,0.19460234547037436,10.0
LN000185,STM00160,School Fees Loan,76000.0,20000.0,2022-02-19,12,61,1,0.02560557177241768,10.0
LN000186,STM00161,Business Loan,95000.0,80000.0,2023-02-01,12,14,0,0.10242228708967072,10.0
LN000187,STM00162,Business Loan,294000.0,197000.0,2023-12-01,12,4,0,0.341834383161776,10.0
LN000188,STM00162,Business Loan,131000.0,70000.0,2022-11-24,48,7,0,0.341834383161776,10.0
LN000189,STM00164,School Fees Loan,168000.0,66000.0,2023-10-17,12,1,0,0.08449838684897834,10.0
LN000190,STM00165,Emergency Loan,333000.0,137000.0,2022-03-28,12,25,0,0.1753981666410611,10.0
LN000191,STM00166,Emergency Loan,131000.0,113000.0,2022-09-09,24,1,0,0.14467148051415987,10.0
LN000192,STM00167,Emergency Loan,119000.0,20000.0,2022-04-04,12,2,0,0.02560557177241768,10.0
LN000193,STM00168,School Fees Loan,302000.0,134000.0,2022-06-07,60,6,0,0.17155733087519845,10.0
LN000194,STM00171,Emergency Loan,111000.0,63000.0,2023-09-13,48,10,0,0.08065755108311569,10.0
LN000195,STM00173,School Fees Loan,261000.0,219000.0,2023-03-10,12,2,0,0.28038101090797357,10.0
LN000196,STM00174,Home Loan,195000.0,99000.0,2022-11-27,24,10,0,0.1267475802734675,10.0
LN000197,STM00175,Business Loan,209000.0,140000.0,2022-05-19,12,10,0,0.23685153889486354,10.0
LN000198,STM00175,School Fees Loan,253000.0,45000.0,2022-09-04,24,129,1,0.23685153889486354,10.0
LN000199,STM00176,Home Loan,270000.0,124000.0,2023-08-20,36,25,0,0.595329543708711,10.0
LN000200,STM00176,School Fees Loan,363000.0,341000.0,2022-08-20,60,9,0,0.595329543708711,10.0
LN000201,STM00177,Business Loan,318000.0,157000.0,2022-02-08,36,1,0,0.2010037384134788,10.0
LN000202,STM00179,Emergency Loan,286000.0,47000.0,2022-03-24,24,118,1,0.060173093665181546,10.0
LN000203,STM00180,Home Loan,131000.0,40000.0,2022-07-18,48,65,1,0.05121114354483536,10.0
LN000204,STM00181,Business Loan,74000.0,38000.0,2023-05-03,12,25,0,0.10242228708967072,10.0
LN000205,STM00181,Business Loan,88000.0,42000.0,2023-02-15,36,4,0,0.10242228708967072,10.0
LN000206,STM00182,School Fees Loan,222000.0,160000.0,2023-08-24,12,3,0,0.20484457417934143,10.0
LN000207,STM00183,Home Loan,112000.0,67000.0,2023-06-23,60,7,0,0.08577866543759922,10.0
LN000208,STM00185,School Fees Loan,432000.0,279000.0,2022-03-27,24,49,1,0.5658831361704306,10.0
LN000209,STM00185,Business Loan,259000.0,163000.0,2022-06-19,60,29,0,0.5658831361704306,10.0
LN000210,STM00186,Emergency Loan,258000.0,169000.0,2023-02-17,48,21,0,0.21636708147692937,10.0
LN000211,STM00188,Home Loan,197000.0,159000.0,2022-10-13,60,3,0,0.20356429559072053,10.0
LN000212,STM00189,Business Loan,153000.0,63000.0,2023-10-08,24,9,0,0.1600348235776105,10.0
LN000213,STM00189,Business Loan,324000.0,62000.0,2023-05-01,36,29,0,0.1600348235776105,10.0
LN000214,STM00190,Business Loan,207000.0,75000.0,2022-07-21,60,2,0,0.0960208941465663,10.0
LN000215,STM00191,Business Loan,183000.0,153000.0,2022-05-08,60,31,1,0.2394120960721053,10.0
LN000216,STM00191,Emergency Loan,74000.0,34000.0,2022-05-04,24,50,1,0.2394120960721053,10.0
LN000217,STM00192,Emergency Loan,129000.0,60000.0,2022-09-11,60,11,0,0.07681671531725304,10.0
LN000218,STM00193,Business Loan,114000.0,98000.0,2023-05-10,36,5,0,0.12546730168484663,10.0
LN000219,STM00194,Business Loan,149000.0,84000.0,2023-04-03,48,11,0,0.10754340144415425,10.0
LN000220,STM00195,School Fees Loan,259000.0,169000.0,2023-01-22,60,21,0,0.21636708147692937,10.0
LN000221,STM00196,Home Loan,129000.0,55000.0,2023-09-09,48,30,0,0.07041532237414862,10.0
LN000222,STM00198,Home Loan,142000.0,55000.0,2023-08-01,48,14,0,0.07041532237414862,10.0
LN000223,STM00199,Emergency Loan,134000.0,116000.0,2022-07-31,36,17,0,0.14851231628002254,10.0
LN000224,STM00200,Emergency Loan,119000.0,68000.0,2023-05-26,60,33,1,0.10242228708967072,10.0
LN000225,STM00200,School Fees Loan,106000.0,12000.0,2023-11-29,24,11,0,0.10242228708967072,10.0
LN000226,STM00201,Emergency Loan,332000.0,137000.0,2023-06-04,60,13,0,0.1753981666410611,10.0
LN000227,STM00202,Emergency Loan,208000.0,39000.0,2023-08-09,36,21,0,0.04993086495621447,10.0
LN000228,STM00204,Business Loan,109000.0,61000.0,2022-10-24,60,6,0,0.07809699390587392,10.0
LN000229,STM00205,Home Loan,208000.0,37000.0,2023-02-01,12,20,0,0.047370307778972706,10.0
LN000230,STM00206,Home Loan,255000.0,74000.0,2022-03-28,12,5,0,0.26885850361038566,10.0
LN000231,STM00206,School Fees Loan,184000.0,136000.0,2023-10-02,24,33,1,0.26885850361038566,10.0
LN000232,STM00207,Emergency Loan,113000.0,93000.0,2023-08-19,48,49,1,0.1190659087417422,10.0
LN000233,STM00208,Business Loan,129000.0,120000.0,2023-08-21,60,31,1,0.15363343063450607,10.0
LN000234,STM00210,Home Loan,186000.0,137000.0,2022-10-05,60,43,1,0.1753981666410611,10.0
LN000235,STM00211,Emergency Loan,213000.0,53000.0,2023-10-14,12,5,0,0.06785476519690685,10.0
LN000236,STM00212,Home Loan,155000.0,44000.0,2022-04-20,24,12,0,0.17923900240692375,10.0
LN000237,STM00212,Home Loan,177000.0,96000.0,2023-01-07,48,30,0,0.17923900240692375,10.0
LN000238,STM00213,Home Loan,251000.0,93000.0,2022-01-02,36,3,0,0.1190659087417422,10.0
LN000239,STM00214,Business Loan,97000.0,83000.0,2023-07-04,36,28,0,0.10626312285553335,10.0
LN000240,STM00216,School Fees Loan,158000.0,101000.0,2023-02-24,60,21,0,0.1293081374507093,10.0
LN000241,STM00217,Home Loan,375000.0,51000.0,2022-04-21,12,9,0,0.33415271163005067,10.0
LN000242,STM00217,School Fees Loan,256000.0,210000.0,2022-09-14,12,6,0,0.33415271163005067,10.0
LN000243,STM00218,Business Loan,383000.0,234000.0,2022-03-14,48,15,0,0.2995851897372868,10.0
LN000244,STM00219,Home Loan,133000.0,65000.0,2023-07-22,12,43,1,0.2061248527679623,10.0
LN000245,STM00219,School Fees Loan,155000.0,96000.0,2022-05-14,60,7,0,0.2061248527679623,10.0
LN000246,STM00220,Home Loan,220000.0,197000.0,2023-06-29,48,63,1,0.25221488195831415,10.0
LN000247,STM00221,Home Loan,187000.0,175000.0,2022-04-16,48,57,1,0.22404875300865468,10.0
LN000248,STM00222,School Fees Loan,325000.0,187000.0,2023-03-23,36,13,0,0.2394120960721053,10.0
LN000249,STM00223,Emergency Loan,143000.0,81000.0,2022-01-25,36,3,0,0.1037025656782916,10.0
LN000250,STM00224,School Fees Loan,143000.0,18000.0,2023-05-19,48,8,0,0.058892815076560655,10.0
LN000251,STM00224,School Fees Loan,74000.0,28000.0,2022-12-11,60,17,0,0.058892815076560655,10.0
LN000252,STM00225,Business Loan,156000.0,80000.0,2022-07-10,12,13,0,0.14211092333691813,10.0
LN000253,STM00225,School Fees Loan,69000.0,31000.0,2023-03-04,12,26,0,0.14211092333691813,10.0
LN000254,STM00226,Home Loan,370000.0,318000.0,2022-08-04,12,15,0,0.40712859118144107,10.0
LN000255,STM00227,School Fees Loan,176000.0,155000.0,2022-01-16,24,39,1,0.198443181236237,10.0
LN000256,STM00228,School Fees Loan,194000.0,49000.0,2023-07-28,24,5,0,0.1510728734572643,10.0
LN000257,STM00228,Business Loan,115000.0,69000.0,2022-05-29,60,9,0,0.1510728734572643,10.0
LN000258,STM00229,School Fees Loan,139000.0,129000.0,2022-04-02,24,1,0,0.23173042454037998,10.0
LN000259,STM00229,Business Loan,79000.0,52000.0,2022-02-07,36,12,0,0.23173042454037998,10.0
LN000260,STM00230,Business Loan,229000.0,116000.0,2022-07-06,48,10,0,0.14851231628002254,10.0
LN000261,STM00231,School Fees Loan,292000.0,220000.0,2022-11-15,12,53,1,0.28166128949659447,10.0
LN000262,STM00232,Emergency Loan,88000.0,49000.0,2022-07-22,12,101,1,0.19588262405899523,10.0
LN000263,STM00232,School Fees Loan,158000.0,104000.0,2023-08-29,24,3,0,0.19588262405899523,10.0
LN000264,STM00233,School Fees Loan,184000.0,41000.0,2022-04-11,60,42,1,0.052491422133456235,10.0
LN000265,STM00234,School Fees Loan,130000.0,39000.0,2022-12-10,60,2,0,0.04993086495621447,10.0
LN000266,STM00235,School Fees Loan,298000.0,207000.0,2022-07-02,48,6,0,0.26501766784452296,10.0
LN000267,STM00236,School Fees Loan,261000.0,191000.0,2022-02-03,12,2,0,0.24453321042658882,10.0
LN000268,STM00239,Home Loan,144000.0,17000.0,2022-05-21,60,33,1,0.021764736006555027,10.0
LN000269,STM00240,Home Loan,222000.0,77000.0,2022-07-19,36,12,0,0.09858145132380805,10.0
LN000270,STM00241,Business Loan,116000.0,76000.0,2023-03-20,60,18,0,0.09730117273518718,10.0
LN000271,STM00242,Emergency Loan,93000.0,37000.0,2022-06-19,12,20,0,0.047370307778972706,10.0
LN000272,STM00243,Business Loan,357000.0,323000.0,2022-02-07,60,43,1,0.41352998412454545,10.0
LN000273,STM00246,School Fees Loan,78000.0,37000.0,2022-03-30,48,37,1,0.1587545449889896,10.0
LN000274,STM00246,Emergency Loan,129000.0,87000.0,2022-12-21,36,34,1,0.1587545449889896,10.0
LN000275,STM00247,Home Loan,157000.0,96000.0,2022-10-27,36,1,0,0.12290674450760486,10.0
LN000276,STM00248,Emergency Loan,63000.0,14000.0,2023-01-03,12,13,0,0.017923900240692375,10.0
LN000277,STM00249,Business Loan,172000.0,37000.0,2023-05-30,36,42,1,0.047370307778972706,10.0
LN000278,STM00250,Home Loan,155000.0,133000.0,2023-05-01,36,57,1,0.3277513186869463,10.0
LN000279,STM00250,Emergency Loan,254000.0,123000.0,2023-03-13,36,6,0,0.3277513186869463,10.0
LN000280,STM00251,Home Loan,203000.0,24000.0,2022-10-19,60,1,0,0.3712807907000564,10.0
LN000281,STM00251,Emergency Loan,289000.0,266000.0,2022-09-20,24,42,1,0.3712807907000564,10.0
LN000282,STM00252,School Fees Loan,196000.0,32000.0,2023-06-19,24,53,1,0.040968914835868286,10.0
LN000283,STM00253,Emergency Loan,69000.0,28000.0,2022-05-20,24,5,0,0.13955036615967634,10.0
LN000284,STM00253,Emergency Loan,92000.0,81000.0,2023-05-09,12,17,0,0.13955036615967634,10.0
LN000285,STM00254,Emergency Loan,133000.0,73000.0,2023-04-21,36,6,0,0.09346033696932451,10.0
LN000286,STM00255,Business Loan,180000.0,49000.0,2022-01-08,24,40,1,0.12290674450760486,10.0
LN000287,STM00255,Business Loan,141000.0,47000.0,2022-09-10,36,5,0,0.12290674450760486,10.0
LN000288,STM00256,Home Loan,68000.0,58000.0,2022-11-06,48,52,1,0.07425615814001127,10.0
LN000289,STM00257,Business Loan,177000.0,129000.0,2023-07-29,36,13,0,0.16515593793209402,10.0
LN000290,STM00260,Business Loan,165000.0,98000.0,2023-02-06,36,30,0,0.12546730168484663,10.0
LN000291,STM00261,Home Loan,179000.0,27000.0,2023-07-19,36,43,1,0.03456752189276387,10.0
LN000292,STM00262,Business Loan,112000.0,57000.0,2022-10-27,48,1,0,0.16131510216623138,10.0
LN000293,STM00262,School Fees Loan,104000.0,69000.0,2022-08-21,36,15,0,0.16131510216623138,10.0
LN000294,STM00263,Emergency Loan,174000.0,119000.0,2022-05-16,24,12,0,0.15235315204588518,10.0
LN000295,STM00264,Home Loan,107000.0,43000.0,2022-12-03,24,12,0,0.10754340144415425,10.0
LN000296,STM00264,Business Loan,172000.0,41000.0,2022-11-14,36,7,0,0.10754340144415425,10.0
LN000297,STM00265,School Fees Loan,133000.0,122000.0,2022-06-21,24,4,0,0.2547754391355559,10.0
LN000298,STM00265,School Fees Loan,84000.0,77000.0,2023-05-17,24,70,1,0.2547754391355559,10.0
LN000299,STM00267,Home Loan,267000.0,78000.0,2023-07-28,48,22,0,0.23685153889486354,10.0
LN000300,STM00267,Emergency Loan,116000.0,107000.0,2022-12-11,48,0,0,0.23685153889486354,10.0
LN000301,STM00268,School Fees Loan,150000.0,38000.0,2022-10-15,24,13,0,0.04865058636759359,10.0
LN000302,STM00269,Home Loan,101000.0,28000.0,2023-09-12,60,25,0,0.03584780048138475,10.0
LN000303,STM00271,School Fees Loan,73000.0,65000.0,2023-03-19,12,53,1,0.14083064474829723,10.0
LN000304,STM00271,Home Loan,108000.0,45000.0,2022-04-04,36,14,0,0.14083064474829723,10.0
LN000305,STM00272,Emergency Loan,225000.0,98000.0,2022-05-14,60,3,0,0.12546730168484663,10.0
LN000306,STM00273,School Fees Loan,248000.0,98000.0,2022-08-25,12,51,1,0.12546730168484663,10.0
LN000307,STM00274,Home Loan,262000.0,161000.0,2023-02-15,12,24,0,0.2061248527679623,10.0
LN000308,STM00275,School Fees Loan,113000.0,83000.0,2023-02-27,60,7,0,0.24325293183796795,10.0
LN000309,STM00275,Emergency Loan,113000.0,107000.0,2022-09-14,60,5,0,0.24325293183796795,10.0
LN000310,STM00276,Emergency Loan,79000.0,48000.0,2023-08-30,48,46,1,0.22020791724279204,10.0
LN000311,STM00276,Home Loan,154000.0,124000.0,2023-09-07,24,2,0,0.22020791724279204,10.0
LN000312,STM00277,Emergency Loan,94000.0,58000.0,2023-02-08,48,13,0,0.07425615814001127,10.0
LN000313,STM00278,Emergency Loan,246000.0,89000.0,2023-10-10,24,8,0,0.46602140625800176,10.0
LN000314,STM00278,School Fees Loan,343000.0,275000.0,2022-02-17,24,11,0,0.46602140625800176,10.0
LN000315,STM00279,Home Loan,190000.0,113000.0,2022-06-14,12,12,0,0.4839453064986941,10.0
LN000316,STM00279,Business Loan,281000.0,265000.0,2022-01-04,12,20,0,0.4839453064986941,10.0
LN000317,STM00280,Emergency Loan,129000.0,50000.0,2022-06-26,36,2,0,0.0640139294310442,10.0
LN000318,STM00281,Business Loan,99000.0,66000.0,2022-03-27,48,4,0,0.2304501459517591,10.0
LN000319,STM00281,School Fees Loan,156000.0,114000.0,2022-07-17,24,39,1,0.2304501459517591,10.0
LN000320,STM00282,Home Loan,168000.0,27000.0,2022-11-02,24,67,1,0.03456752189276387,10.0
LN000321,STM00283,Business Loan,68000.0,64000.0,2022-02-25,24,40,1,0.09858145132380805,10.0
LN000322,STM00283,School Fees Loan,113000.0,13000.0,2023-05-07,24,4,0,0.09858145132380805,10.0
LN000323,STM00284,School Fees Loan,360000.0,309000.0,2022-11-13,48,25,0,0.39560608388385315,10.0
LN000324,STM00286,Emergency Loan,173000.0,23000.0,2023-06-07,12,4,0,0.029446407538280327,10.0
LN000325,STM00287,School Fees Loan,72000.0,40000.0,2022-06-01,36,31,1,0.05121114354483536,10.0
LN000326,STM00288,School Fees Loan,126000.0,75000.0,2022-06-12,48,4,0,0.0960208941465663,10.0
LN000327,STM00289,Business Loan,105000.0,78000.0,2023-09-05,60,11,0,0.09986172991242893,10.0
LN000328,STM00290,Home Loan,74000.0,24000.0,2023-05-12,24,8,0,0.030726686126901215,10.0
LN000329,STM00291,School Fees Loan,59000.0,17000.0,2022-05-13,60,32,1,0.08065755108311569,10.0
LN000330,STM00291,School Fees Loan,106000.0,46000.0,2022-01-21,24,68,1,0.08065755108311569,10.0
LN000331,STM00292,Emergency Loan,100000.0,65000.0,2023-04-06,48,2,0,0.14851231628002254,10.0
LN000332,STM00292,School Fees Loan,67000.0,51000.0,2022-04-01,48,14,0,0.14851231628002254,10.0
LN000333,STM00293,Business Loan,103000.0,59000.0,2022-06-17,36,33,1,0.07553643672863215,10.0
LN000334,STM00294,School Fees Loan,130000.0,70000.0,2023-04-12,36,13,0,0.08961950120346188,10.0
LN000335,STM00295,Business Loan,227000.0,106000.0,2023-08-04,12,14,0,0.43145388436523785,10.0
LN000336,STM00295,Business Loan,320000.0,231000.0,2022-08-03,24,1,0,0.43145388436523785,10.0
LN000337,STM00296,Home Loan,176000.0,65000.0,2023-06-19,60,28,0,0.1677164951093358,10.0
LN000338,STM00296,Emergency Loan,255000.0,66000.0,2023-09-05,24,1,0,0.1677164951093358,10.0
LN000339,STM00297,Emergency Loan,123000.0,78000.0,2022-07-26,60,31,1,0.09986172991242893,10.0
LN000340,STM00298,Home Loan,261000.0,189000.0,2022-08-04,48,53,1,0.24197265324934705,10.0
LN000341,STM00299,Home Loan,86000.0,58000.0,2022-08-08,60,26,0,0.08961950120346188,10.0
LN000342,STM00299,Home Loan,66000.0,12000.0,2023-05-06,24,17,0,0.08961950120346188,10.0
LN000343,STM00300,Emergency Loan,97000.0,83000.0,2023-10-25,24,38,1,0.10626312285553335,10.0
LN000344,STM00301,Business Loan,345000.0,94000.0,2022-05-26,36,24,0,0.12034618733036309,10.0
LN000345,STM00302,Emergency Loan,128000.0,87000.0,2022-11-05,36,17,0,0.11138423721001689,10.0
LN000346,STM00304,Business Loan,223000.0,47000.0,2023-05-08,12,44,1,0.3021457469145286,10.0
LN000347,STM00304,School Fees Loan,229000.0,189000.0,2022-02-21,60,12,0,0.3021457469145286,10.0
LN000348,STM00305,Emergency Loan,109000.0,35000.0,2022-12-19,12,2,0,0.04480975060173094,10.0
LN000349,STM00306,Home Loan,211000.0,42000.0,2023-10-26,36,13,0,0.22404875300865468,10.0
LN000350,STM00306,Business Loan,285000.0,133000.0,2023-07-12,36,7,0,0.22404875300865468,10.0
LN000351,STM00308,Home Loan,208000.0,25000.0,2022-08-16,60,22,0,0.20484457417934143,10.0
LN000352,STM00308,Emergency Loan,182000.0,135000.0,2023-08-05,12,16,0,0.20484457417934143,10.0
LN000353,STM00309,Emergency Loan,161000.0,114000.0,2022-05-27,24,22,0,0.25733599631279763,10.0
LN000354,STM00309,Home Loan,197000.0,87000.0,2023-03-25,48,27,0,0.25733599631279763,10.0
LN000355,STM00311,Home Loan,54000.0,37000.0,2022-10-05,48,3,0,0.047370307778972706,10.0
LN000356,STM00312,School Fees Loan,300000.0,49000.0,2023-07-18,60,36,1,0.06273365084242331,10.0
LN000357,STM00313,School Fees Loan,262000.0,138000.0,2023-07-12,36,26,0,0.17667844522968199,10.0
LN000358,STM00315,Emergency Loan,178000.0,158000.0,2022-11-17,36,0,0,0.4429763916628258,10.0
LN000359,STM00315,Home Loan,304000.0,188000.0,2022-11-19,60,16,0,0.4429763916628258,10.0
LN000360,STM00316,Business Loan,215000.0,132000.0,2023-05-01,24,7,0,0.16899677369795668,10.0
LN000361,STM00317,School Fees Loan,49000.0,14000.0,2023-05-01,48,34,1,0.017923900240692375,10.0
LN000362,STM00318,Business Loan,142000.0,78000.0,2022-07-19,24,12,0,0.09986172991242893,10.0
LN000363,STM00319,Emergency Loan,241000.0,51000.0,2023-08-15,12,14,0,0.06529420801966508,10.0
LN000364,STM00320,School Fees Loan,125000.0,40000.0,2023-07-16,36,42,1,0.08321810826035746,10.0
LN000365,STM00320,Emergency Loan,181000.0,25000.0,2023-10-21,24,26,0,0.08321810826035746,10.0
LN000366,STM00321,Home Loan,149000.0,18000.0,2023-11-23,60,0,0,0.02304501459517591,10.0
LN000367,STM00322,Emergency Loan,201000.0,156000.0,2023-09-12,60,19,0,0.3277513186869463,10.0
LN000368,STM00322,Home Loan,254000.0,100000.0,2023-06-05,60,14,0,0.3277513186869463,10.0
LN000369,STM00325,Business Loan,165000.0,136000.0,2023-07-26,24,2,0,0.4148102627131664,10.0
LN000370,STM00325,School Fees Loan,308000.0,188000.0,2022-02-05,24,9,0,0.4148102627131664,10.0
LN000371,STM00326,Business Loan,231000.0,208000.0,2023-05-02,60,18,0,0.26629794643314386,10.0
LN000372,STM00327,Emergency Loan,163000.0,65000.0,2022-02-28,12,51,1,0.10882368003277514,10.0
LN000373,STM00327,School Fees Loan,131000.0,20000.0,2023-12-01,60,26,0,0.10882368003277514,10.0
LN000374,STM00328,School Fees Loan,131000.0,51000.0,2022-07-11,24,8,0,0.06529420801966508,10.0
LN000375,STM00329,Home Loan,253000.0,124000.0,2023-02-08,24,49,1,0.40456803400419933,10.0
LN000376,STM00329,Home Loan,381000.0,192000.0,2022-05-05,24,11,0,0.40456803400419933,10.0
LN000377,STM00331,Emergency Loan,134000.0,105000.0,2022-07-24,60,52,1,0.33927382598453426,10.0
LN000378,STM00331,Home Loan,357000.0,160000.0,2023-01-15,24,50,1,0.33927382598453426,10.0
LN000379,STM00332,Business Loan,252000.0,89000.0,2023-05-03,12,73,1,0.30726686126901215,10.0
LN000380,STM00332,Business Loan,240000.0,151000.0,2023-03-27,48,7,0,0.30726686126901215,10.0
LN000381,STM00333,Business Loan,288000.0,187000.0,2022-03-15,24,8,0,0.2394120960721053,10.0
LN000382,STM00334,Emergency Loan,128000.0,113000.0,2022-06-09,12,2,0,0.14467148051415987,10.0
LN000383,STM00335,School Fees Loan,227000.0,170000.0,2023-08-03,12,32,1,0.21764736006555027,10.0
LN000384,STM00337,Home Loan,175000.0,83000.0,2022-01-13,60,11,0,0.10626312285553335,10.0
LN000385,STM00338,School Fees Loan,307000.0,273000.0,2022-08-10,36,31,1,0.34951605469350133,10.0
LN000386,STM00340,School Fees Loan,172000.0,96000.0,2022-02-01,36,7,0,0.12290674450760486,10.0
LN000387,STM00341,Emergency Loan,71000.0,36000.0,2023-11-02,48,50,1,0.04609002919035182,10.0
LN000388,STM00342,School Fees Loan,215000.0,43000.0,2023-03-24,36,42,1,0.3559174476366057,10.0
LN000389,STM00342,Business Loan,293000.0,235000.0,2023-11-08,12,26,0,0.3559174476366057,10.0
LN000390,STM00344,School Fees Loan,156000.0,138000.0,2023-02-11,12,5,0,0.17667844522968199,10.0
LN000391,STM00345,Business Loan,185000.0,89000.0,2022-08-02,36,48,1,0.3290315972755672,10.0
LN000392,STM00345,Business Loan,243000.0,168000.0,2023-10-05,60,38,1,0.3290315972755672,10.0
LN000393,STM00347,Emergency Loan,111000.0,100000.0,2022-04-26,12,36,1,0.1280278588620884,10.0
LN000394,STM00351,Business Loan,144000.0,43000.0,2022-10-18,24,24,0,0.05505197931069801,10.0
LN000395,STM00352,Emergency Loan,107000.0,35000.0,2022-02-01,60,37,1,0.11010395862139602,10.0
LN000396,STM00352,School Fees Loan,109000.0,51000.0,2023-05-20,60,11,0,0.11010395862139602,10.0
LN000397,STM00353,Home Loan,221000.0,202000.0,2022-02-06,48,4,0,0.2586162749014186,10.0
LN000398,STM00354,School Fees Loan,202000.0,180000.0,2022-05-21,12,4,0,0.2304501459517591,10.0
LN000399,STM00355,School Fees Loan,285000.0,177000.0,2023-03-09,24,9,0,0.22660931018589647,10.0
LN000400,STM00356,Emergency Loan,308000.0,167000.0,2022-01-29,60,25,0,0.21380652429968763,10.0
LN000401,STM00357,School Fees Loan,62000.0,45000.0,2023-04-30,48,114,1,0.05761253648793978,10.0
LN000402,STM00358,School Fees Loan,196000.0,100000.0,2022-02-19,36,45,1,0.1280278588620884,10.0
LN000403,STM00359,Business Loan,127000.0,38000.0,2022-01-29,48,2,0,0.04865058636759359,10.0
LN000404,STM00360,School Fees Loan,186000.0,21000.0,2022-10-21,24,34,1,0.17283760946381932,10.0
LN000405,STM00360,School Fees Loan,166000.0,114000.0,2022-03-28,48,37,1,0.17283760946381932,10.0
LN000406,STM00361,School Fees Loan,323000.0,136000.0,2023-09-10,36,14,0,0.17411788805244022,10.0
LN000407,STM00362,School Fees Loan,202000.0,74000.0,2022-02-25,12,10,0,0.16515593793209402,10.0
LN000408,STM00362,Emergency Loan,69000.0,55000.0,2022-02-09,48,17,0,0.16515593793209402,10.0
LN000409,STM00363,Emergency Loan,118000.0,31000.0,2022-05-19,48,23,0,0.0396886362472474,10.0
LN000410,STM00365,School Fees Loan,182000.0,162000.0,2023-10-14,24,40,1,0.2074051313565832,10.0
LN000411,STM00366,Emergency Loan,211000.0,69000.0,2022-12-29,12,14,0,0.08833922261484099,10.0
LN000412,STM00367,Emergency Loan,230000.0,150000.0,2023-01-08,48,31,1,0.1920417882931326,10.0
LN000413,STM00368,School Fees Loan,327000.0,109000.0,2022-04-29,48,14,0,0.19972345982485787,10.0
LN000414,STM00368,School Fees Loan,255000.0,47000.0,2023-07-26,60,49,1,0.19972345982485787,10.0
LN000415,STM00369,School Fees Loan,120000.0,90000.0,2022-06-07,48,13,0,0.11522507297587956,10.0
LN000416,STM00370,Home Loan,124000.0,90000.0,2023-10-15,12,12,0,0.11522507297587956,10.0
LN000417,STM00373,School Fees Loan,143000.0,37000.0,2023-03-22,24,4,0,0.047370307778972706,10.0
LN000418,STM00374,Business Loan,142000.0,100000.0,2022-04-18,24,46,1,0.1280278588620884,10.0
LN000419,STM00375,School Fees Loan,132000.0,37000.0,2022-01-11,36,4,0,0.1574742664003687,10.0
LN000420,STM00375,School Fees Loan,199000.0,86000.0,2022-06-05,36,26,0,0.1574742664003687,10.0
LN000421,STM00376,Emergency Loan,136000.0,23000.0,2023-02-02,24,71,1,0.08833922261484099,10.0
LN000422,STM00376,Business Loan,76000.0,46000.0,2023-03-25,60,36,1,0.08833922261484099,10.0
LN000423,STM00377,Home Loan,424000.0,216000.0,2022-05-27,36,4,0,0.27654017514211093,10.0
LN000424,STM00378,School Fees Loan,184000.0,157000.0,2023-05-28,24,3,0,0.4442566702514467,10.0
LN000425,STM00378,Business Loan,259000.0,190000.0,2023-07-25,36,0,0,0.4442566702514467,10.0
LN000426,STM00379,Home Loan,203000.0,110000.0,2023-02-21,48,2,0,0.14083064474829723,10.0
LN000427,STM00380,Business Loan,90000.0,77000.0,2023-03-17,60,41,1,0.09858145132380805,10.0
LN000428,STM00381,Business Loan,174000.0,20000.0,2023-03-31,36,54,1,0.02560557177241768,10.0
LN000429,STM00382,Business Loan,155000.0,136000.0,2023-06-07,36,27,0,0.17411788805244022,10.0
LN000430,STM00383,Home Loan,258000.0,26000.0,2022-09-24,60,4,0,0.03328724330414298,10.0
LN000431,STM00384,Business Loan,150000.0,27000.0,2022-12-12,12,5,0,0.24325293183796795,10.0
LN000432,STM00384,Business Loan,190000.0,163000.0,2022-12-24,12,55,1,0.24325293183796795,10.0
LN000433,STM00385,Home Loan,96000.0,44000.0,2023-07-03,12,6,0,0.05633225789931889,10.0
LN000434,STM00386,School Fees Loan,278000.0,148000.0,2022-06-22,36,1,0,0.33415271163005067,10.0
LN000435,STM00386,Business Loan,197000.0,113000.0,2023-05-02,60,5,0,0.33415271163005067,10.0
LN000436,STM00387,Emergency Loan,363000.0,279000.0,2023-03-24,60,18,0,0.3571977262252266,10.0
LN000437,STM00388,Business Loan,279000.0,201000.0,2022-03-18,24,30,0,0.25733599631279763,10.0
LN000438,STM00389,Business Loan,206000.0,80000.0,2023-08-03,12,9,0,0.10242228708967072,10.0
LN000439,STM00390,Emergency Loan,134000.0,16000.0,2022-12-10,48,31,1,0.2726993393762483,10.0
LN000440,STM00390,Home Loan,243000.0,197000.0,2022-07-18,60,28,0,0.2726993393762483,10.0
LN000441,STM00391,Emergency Loan,117000.0,89000.0,2022-10-17,36,11,0,0.18948123111589082,10.0
LN000442,STM00391,Home Loan,68000.0,59000.0,2022-06-23,48,3,0,0.18948123111589082,10.0
LN000443,STM00392,School Fees Loan,68000.0,9000.0,2023-02-16,36,4,0,0.04609002919035182,10.0
LN000444,STM00392,Home Loan,44000.0,27000.0,2022-05-07,48,66,1,0.04609002919035182,10.0
LN000445,STM00393,Emergency Loan,42000.0,19000.0,2022-05-04,48,9,0,0.024325293183796795,10.0
LN000446,STM00397,Business Loan,47000.0,27000.0,2022-05-13,48,25,0,0.03456752189276387,10.0
LN000447,STM00398,Home Loan,75000.0,40000.0,2023-05-26,12,158,1,0.18692067393864903,10.0
LN000448,STM00398,Home Loan,125000.0,106000.0,2023-01-28,60,36,1,0.18692067393864903,10.0
LN000449,STM00399,Business Loan,107000.0,28000.0,2022-09-30,48,19,0,0.03584780048138475,10.0
LN000450,STM00400,Emergency Loan,40000.0,4000.0,2023-09-21,24,16,0,0.005121114354483536,10.0
LN000451,STM00401,Emergency Loan,24000.0,14000.0,2022-02-26,12,34,1,0.017923900240692375,10.0
LN000452,STM00402,Business Loan,98000.0,54000.0,2022-04-02,48,28,0,0.06913504378552773,10.0
LN000453,STM00403,Business Loan,58000.0,15000.0,2023-11-04,48,10,0,0.01920417882931326,10.0
LN000454,STM00404,Home Loan,39000.0,8000.0,2022-05-05,48,33,1,0.010242228708967072,10.0
LN000455,STM00405,Business Loan,52000.0,48000.0,2023-05-13,12,21,0,0.06145337225380243,10.0
LN000456,STM00406,Home Loan,97000.0,59000.0,2023-08-03,12,8,0,0.07553643672863215,10.0
LN000457,STM00407,School Fees Loan,91000.0,14000.0,2022-05-03,24,3,0,0.017923900240692375,10.0
LN000458,STM00408,Business Loan,26000.0,22000.0,2023-05-28,12,23,0,0.028166128949659443,10.0
LN000459,STM00409,Emergency Loan,47000.0,44000.0,2023-07-02,12,28,0,0.05633225789931889,10.0
LN000460,STM00410,Home Loan,35000.0,14000.0,2022-04-03,24,11,0,0.03456752189276387,10.0
LN000461,STM00410,Emergency Loan,68000.0,13000.0,2023-04-14,48,54,1,0.03456752189276387,10.0
LN000462,STM00411,Business Loan,60000.0,53000.0,2022-08-18,60,59,1,0.06785476519690685,10.0
LN000463,STM00412,Business Loan,54000.0,26000.0,2022-11-11,24,1,0,0.03328724330414298,10.0
LN000464,STM00415,School Fees Loan,66000.0,61000.0,2023-11-11,60,35,1,0.09730117273518718,10.0
LN000465,STM00415,Emergency Loan,46000.0,15000.0,2023-08-17,60,33,1,0.09730117273518718,10.0
LN000466,STM00416,Business Loan,57000.0,41000.0,2023-08-03,24,4,0,0.052491422133456235,10.0
LN000467,STM00417,School Fees Loan,89000.0,15000.0,2022-07-18,48,37,1,0.01920417882931326,10.0
LN000468,STM00418,Home Loan,79000.0,40000.0,2023-09-06,60,48,1,0.05121114354483536,10.0
LN000469,STM00419,School Fees Loan,69000.0,31000.0,2022-11-07,36,31,1,0.0396886362472474,10.0
LN000470,STM00420,Home Loan,55000.0,44000.0,2023-03-17,48,1,0,0.05633225789931889,10.0
LN000471,STM00421,Home Loan,54000.0,10000.0,2023-03-03,60,21,0,0.01280278588620884,10.0
LN000472,STM00423,Emergency Loan,58000.0,41000.0,2023-07-12,12,4,0,0.06273365084242331,10.0
LN000473,STM00423,Business Loan,34000.0,8000.0,2022-10-10,48,63,1,0.06273365084242331,10.0
LN000474,STM00425,Business Loan,115000.0,90000.0,2022-06-12,48,54,1,0.11522507297587956,10.0
LN000475,STM00426,Home Loan,29000.0,5000.0,2023-05-13,36,9,0,0.05761253648793978,10.0
LN000476,STM00426,School Fees Loan,52000.0,40000.0,2023-07-31,12,16,0,0.05761253648793978,10.0
LN000477,STM00427,Business Loan,74000.0,33000.0,2022-04-08,60,8,0,0.08833922261484099,10.0
LN000478,STM00427,School Fees Loan,53000.0,36000.0,2022-08-20,48,14,0,0.08833922261484099,10.0
LN000479,STM00428,Business Loan,53000.0,32000.0,2022-05-05,36,28,0,0.06529420801966508,10.0
LN000480,STM00428,Emergency Loan,63000.0,19000.0,2023-06-11,60,19,0,0.06529420801966508,10.0
LN000481,STM00429,Business Loan,108000.0,52000.0,2023-08-05,60,13,0,0.06657448660828597,10.0
LN000482,STM00430,Home Loan,99000.0,88000.0,2023-04-23,48,23,0,0.12162646591898398,10.0
LN000483,STM00430,School Fees Loan,61000.0,7000.0,2022-10-06,60,25,0,0.12162646591898398,10.0
LN000484,STM00431,Business Loan,30000.0,13000.0,2022-12-26,48,16,0,0.0396886362472474,10.0
LN000485,STM00431,Business Loan,29000.0,18000.0,2023-01-30,60,3,0,0.0396886362472474,10.0
LN000486,STM00432,Emergency Loan,116000.0,66000.0,2023-01-17,48,47,1,0.08449838684897834,10.0
LN000487,STM00433,Business Loan,61000.0,40000.0,2023-03-24,48,45,1,0.05121114354483536,10.0
LN000488,STM00434,Home Loan,35000.0,25000.0,2022-08-30,60,50,1,0.0320069647155221,10.0
LN000489,STM00435,Business Loan,21000.0,9000.0,2023-07-13,60,17,0,0.04993086495621447,10.0
LN000490,STM00435,Home Loan,36000.0,30000.0,2023-01-25,12,2,0,0.04993086495621447,10.0
LN000491,STM00436,Business Loan,65000.0,30000.0,2023-05-29,12,5,0,0.03840835765862652,10.0
LN000492,STM00437,Emergency Loan,82000.0,63000.0,2023-02-06,12,2,0,0.08065755108311569,10.0
LN000493,STM00438,School Fees Loan,68000.0,59000.0,2022-10-31,36,18,0,0.12034618733036309,10.0
LN000494,STM00438,Business Loan,40000.0,35000.0,2022-10-09,60,33,1,0.12034618733036309,10.0
LN000495,STM00439,Business Loan,47000.0,12000.0,2023-04-18,24,6,0,0.015363343063450607,10.0
LN000496,STM00440,Emergency Loan,123000.0,64000.0,2023-11-16,48,6,0,0.08193782967173657,10.0
LN000497,STM00441,Emergency Loan,25000.0,18000.0,2023-02-28,36,54,1,0.02304501459517591,10.0
LN000498,STM00442,Emergency Loan,67000.0,41000.0,2023-04-30,24,0,0,0.052491422133456235,10.0
LN000499,STM00443,Home Loan,23000.0,20000.0,2022-07-30,48,36,1,0.02560557177241768,10.0
LN000500,STM00444,Business Loan,36000.0,10000.0,2022-11-24,24,9,0,0.01280278588620884,10.0
LN000501,STM00445,Emergency Loan,115000.0,89000.0,2023-04-13,12,16,0,0.11394479438725867,10.0
LN000502,STM00446,Emergency Loan,51000.0,36000.0,2022-05-24,60,30,0,0.08961950120346188,10.0
LN000503,STM00446,School Fees Loan,88000.0,34000.0,2023-05-11,36,5,0,0.08961950120346188,10.0
LN000504,STM00448,Home Loan,39000.0,31000.0,2023-05-07,24,51,1,0.053771700722077126,10.0
LN000505,STM00448,Business Loan,19000.0,11000.0,2022-03-14,12,12,0,0.053771700722077126,10.0
LN000506,STM00449,School Fees Loan,59000.0,38000.0,2022-01-06,48,60,1,0.04865058636759359,10.0
LN000507,STM00451,Business Loan,53000.0,21000.0,2022-02-13,12,46,1,0.026885850361038563,10.0
LN000508,STM00452,Business Loan,84000.0,31000.0,2022-01-06,36,2,0,0.16899677369795668,10.0
LN000509,STM00452,Business Loan,116000.0,101000.0,2022-04-08,48,6,0,0.16899677369795668,10.0
LN000510,STM00453,Business Loan,71000.0,23000.0,2022-12-04,12,9,0,0.029446407538280327,10.0
LN000511,STM00456,Business Loan,20000.0,4000.0,2022-08-23,48,25,0,0.005121114354483536,10.0
LN000512,STM00457,Emergency Loan,87000.0,70000.0,2023-05-26,36,7,0,0.08961950120346188,10.0
LN000513,STM00458,Business Loan,46000.0,30000.0,2022-10-30,24,9,0,0.03840835765862652,10.0
LN000514,STM00459,Emergency Loan,63000.0,28000.0,2022-01-13,60,9,0,0.08321810826035746,10.0
LN000515,STM00459,School Fees Loan,68000.0,37000.0,2022-04-20,60,161,1,0.08321810826035746,10.0
LN000516,STM00461,Home Loan,133000.0,47000.0,2023-02-08,60,4,0,0.060173093665181546,10.0
LN000517,STM00462,Emergency Loan,45000.0,22000.0,2023-09-25,12,36,1,0.05505197931069801,10.0
LN000518,STM00462,Emergency Loan,41000.0,21000.0,2022-05-23,12,1,0,0.05505197931069801,10.0
LN000519,STM00463,School Fees Loan,75000.0,65000.0,2022-08-28,60,20,0,0.08321810826035746,10.0
LN000520,STM00465,Emergency Loan,112000.0,52000.0,2022-05-14,24,62,1,0.12418702309622573,10.0
LN000521,STM00465,Business Loan,91000.0,45000.0,2023-06-02,36,6,0,0.12418702309622573,10.0
LN000522,STM00466,Business Loan,57000.0,12000.0,2023-06-21,36,19,0,0.015363343063450607,10.0
LN000523,STM00467,School Fees Loan,104000.0,54000.0,2023-11-10,12,18,0,0.06913504378552773,10.0
LN000524,STM00469,Emergency Loan,89000.0,70000.0,2022-03-09,60,16,0,0.08961950120346188,10.0
LN000525,STM00470,Home Loan,71000.0,52000.0,2023-06-21,60,20,0,0.06657448660828597,10.0
LN000526,STM00471,Emergency Loan,60000.0,30000.0,2023-09-28,24,14,0,0.09858145132380805,10.0
LN000527,STM00471,Emergency Loan,101000.0,47000.0,2022-03-03,12,20,0,0.09858145132380805,10.0
LN000528,STM00472,School Fees Loan,87000.0,11000.0,2023-07-15,36,16,0,0.06145337225380243,10.0
LN000529,STM00472,Business Loan,50000.0,37000.0,2022-03-11,36,15,0,0.06145337225380243,10.0
LN000530,STM00473,Home Loan,123000.0,108000.0,2023-04-17,36,6,0,0.13827008757105547,10.0
LN000531,STM00474,Business Loan,84000.0,79000.0,2022-07-03,24,5,0,0.10114200850104983,10.0
LN000532,STM00475,Emergency Loan,106000.0,18000.0,2023-10-10,24,7,0,0.053771700722077126,10.0
LN000533,STM00475,Emergency Loan,45000.0,24000.0,2023-01-08,36,32,1,0.053771700722077126,10.0
LN000534,STM00476,Business Loan,44000.0,8000.0,2022-10-24,12,14,0,0.010242228708967072,10.0
LN000535,STM00477,Business Loan,76000.0,39000.0,2023-10-02,12,2,0,0.04993086495621447,10.0
LN000536,STM00478,School Fees Loan,86000.0,56000.0,2022-01-05,24,12,0,0.0716956009627695,10.0
LN000537,STM00479,Business Loan,52000.0,36000.0,2022-10-13,60,11,0,0.04609002919035182,10.0
LN000538,STM00481,Emergency Loan,51000.0,15000.0,2023-01-04,48,17,0,0.01920417882931326,10.0
LN000539,STM00482,Business Loan,64000.0,30000.0,2022-10-02,48,4,0,0.03840835765862652,10.0
LN000540,STM00483,Home Loan,80000.0,26000.0,2022-02-14,36,50,1,0.08833922261484099,10.0
LN000541,STM00483,Business Loan,86000.0,43000.0,2022-06-11,48,16,0,0.08833922261484099,10.0
LN000542,STM00485,Home Loan,15000.0,11000.0,2022-08-22,24,1,0,0.03456752189276387,10.0
LN000543,STM00485,School Fees Loan,17000.0,16000.0,2023-03-06,36,7,0,0.03456752189276387,10.0
LN000544,STM00487,Business Loan,46000.0,25000.0,2022-05-28,36,3,0,0.0320069647155221,10.0
LN000545,STM00488,Home Loan,71000.0,26000.0,2023-01-14,48,54,1,0.03328724330414298,10.0
LN000546,STM00489,Business Loan,116000.0,64000.0,2022-01-07,36,4,0,0.08193782967173657,10.0
LN000547,STM00490,Home Loan,38000.0,17000.0,2023-05-03,12,9,0,0.0320069647155221,10.0
LN000548,STM00490,School Fees Loan,25000.0,8000.0,2022-02-19,12,33,1,0.0320069647155221,10.0
LN000549,STM00491,Emergency Loan,97000.0,79000.0,2022-10-05,60,30,0,0.10114200850104983,10.0
LN000550,STM00493,School Fees Loan,95000.0,56000.0,2022-02-09,48,21,0,0.0716956009627695,10.0
LN000551,STM00494,Business Loan,65000.0,40000.0,2022-02-13,12,14,0,0.05121114354483536,10.0
LN000552,STM00495,School Fees Loan,42000.0,8000.0,2023-07-27,48,53,1,0.010242228708967072,10.0
LN000553,STM00496,Emergency Loan,52000.0,29000.0,2022-11-22,60,9,0,0.037128079070005635,10.0
LN000554,STM00497,Home Loan,95000.0,71000.0,2022-01-05,60,39,1,0.09089977979208276,10.0
LN000555,STM00498,School Fees Loan,35000.0,23000.0,2022-01-15,48,34,1,0.03328724330414298,10.0
LN000556,STM00498,School Fees Loan,23000.0,3000.0,2022-07-31,36,12,0,0.03328724330414298,10.0
LN000557,STM00499,Home Loan,48000.0,22000.0,2023-03-06,24,0,0,0.058892815076560655,10.0
LN000558,STM00499,School Fees Loan,35000.0,24000.0,2022-05-31,48,4,0,0.058892815076560655,10.0
LN000559,STM00500,Home Loan,111000.0,44000.0,2022-12-09,60,28,0,0.15491370922312697,10.0
LN000560,STM00500,Emergency Loan,114000.0,77000.0,2023-11-06,12,15,0,0.15491370922312697,10.0
LN000561,STM00501,School Fees Loan,91000.0,20000.0,2022-05-24,24,18,0,0.07681671531725304,10.0
LN000562,STM00501,Emergency Loan,49000.0,40000.0,2022-08-10,60,5,0,0.07681671531725304,10.0
LN000563,STM00502,School Fees Loan,88000.0,47000.0,2022-09-02,12,27,0,0.060173093665181546,10.0
LN000564,STM00503,Home Loan,101000.0,56000.0,2023-06-02,48,19,0,0.11522507297587956,10.0
LN000565,STM00503,Business Loan,68000.0,34000.0,2023-01-12,12,27,0,0.11522507297587956,10.0
LN000566,STM00506,Emergency Loan,44000.0,34000.0,2023-10-08,60,0,0,0.043529472013110054,10.0
LN000567,STM00509,Emergency Loan,17000.0,7000.0,2022-06-13,48,28,0,0.020484457417934143,10.0
LN000568,STM00509,School Fees Loan,18000.0,9000.0,2022-04-27,48,10,0,0.020484457417934143,10.0
LN000569,STM00510,Home Loan,46000.0,35000.0,2022-06-12,60,5,0,0.04480975060173094,10.0
LN000570,STM00511,Emergency Loan,55000.0,37000.0,2022-05-29,48,79,1,0.047370307778972706,10.0
LN000571,STM00512,Emergency Loan,35000.0,10000.0,2022-01-26,24,71,1,0.01280278588620884,10.0
LN000572,STM00513,Emergency Loan,29000.0,15000.0,2022-11-08,12,6,0,0.04480975060173094,10.0
LN000573,STM00513,Business Loan,32000.0,20000.0,2023-04-15,24,0,0,0.04480975060173094,10.0
LN000574,STM00515,Home Loan,38000.0,14000.0,2022-02-22,48,13,0,0.053771700722077126,10.0
LN000575,STM00515,Business Loan,49000.0,28000.0,2022-08-22,48,42,1,0.053771700722077126,10.0
LN000576,STM00516,Home Loan,102000.0,95000.0,2023-09-01,48,5,0,0.15619398781174784,10.0
LN000577,STM00516,Home Loan,40000.0,27000.0,2022-06-28,60,47,1,0.15619398781174784,10.0
LN000578,STM00518,Emergency Loan,24000.0,3000.0,2023-04-17,24,37,1,0.003840835765862652,10.0
LN000579,STM00519,Emergency Loan,42000.0,21000.0,2022-03-25,36,5,0,0.026885850361038563,10.0
LN000580,STM00520,School Fees Loan,71000.0,20000.0,2023-06-01,48,1,0,0.02560557177241768,10.0
LN000581,STM00521,Business Loan,89000.0,34000.0,2022-02-23,12,7,0,0.043529472013110054,10.0
LN000582,STM00522,School Fees Loan,29000.0,3000.0,2023-04-03,48,9,0,0.003840835765862652,10.0
LN000583,STM00523,School Fees Loan,76000.0,44000.0,2022-02-14,60,15,0,0.05633225789931889,10.0
LN000584,STM00524,Business Loan,111000.0,15000.0,2023-05-01,24,7,0,0.01920417882931326,10.0
LN000585,STM00525,Business Loan,36000.0,29000.0,2022-09-17,48,37,1,0.037128079070005635,10.0
LN000586,STM00526,Home Loan,43000.0,35000.0,2023-10-01,24,14,0,0.04480975060173094,10.0
LN000587,STM00527,School Fees Loan,60000.0,45000.0,2023-05-10,48,51,1,0.05761253648793978,10.0
LN000588,STM00528,Home Loan,69000.0,36000.0,2023-06-02,48,20,0,0.08833922261484099,10.0
LN000589,STM00528,Business Loan,38000.0,33000.0,2022-09-10,48,0,0,0.08833922261484099,10.0
LN000590,STM00530,School Fees Loan,53000.0,15000.0,2023-03-13,48,13,0,0.01920417882931326,10.0
LN000591,STM00531,Business Loan,21000.0,20000.0,2023-09-22,24,9,0,0.037128079070005635,10.0
LN000592,STM00531,Home Loan,28000.0,9000.0,2023-04-08,48,4,0,0.037128079070005635,10.0
LN000593,STM00532,Business Loan,81000.0,70000.0,2022-08-07,12,9,0,0.12034618733036309,10.0
LN000594,STM00532,School Fees Loan,62000.0,24000.0,2022-11-19,24,3,0,0.12034618733036309,10.0
LN000595,STM00533,Home Loan,93000.0,85000.0,2023-06-23,60,31,1,0.10882368003277514,10.0
LN000596,STM00534,Business Loan,42000.0,17000.0,2023-01-16,36,15,0,0.021764736006555027,10.0
LN000597,STM00535,School Fees Loan,32000.0,5000.0,2022-01-12,24,16,0,0.00640139294310442,10.0
LN000598,STM00536,Emergency Loan,117000.0,45000.0,2022-11-22,60,11,0,0.05761253648793978,10.0
LN000599,STM00537,Home Loan,50000.0,45000.0,2023-01-26,24,18,0,0.05761253648793978,10.0
LN000600,STM00538,School Fees Loan,66000.0,36000.0,2022-09-20,36,16,0,0.04609002919035182,10.0
LN000601,STM00541,School Fees Loan,75000.0,31000.0,2023-09-29,36,1,0,0.0396886362472474,10.0
LN000602,STM00542,School Fees Loan,72000.0,11000.0,2023-06-20,60,0,0,0.014083064474829722,10.0
LN000603,STM00543,Emergency Loan,44000.0,15000.0,2022-08-27,12,0,0,0.02304501459517591,10.0
LN000604,STM00543,Business Loan,28000.0,3000.0,2022-10-04,36,9,0,0.02304501459517591,10.0
LN000605,STM00544,School Fees Loan,25000.0,15000.0,2022-01-22,60,19,0,0.053771700722077126,10.0
LN000606,STM00544,Emergency Loan,33000.0,27000.0,2023-02-12,24,1,0,0.053771700722077126,10.0
LN000607,STM00545,Home Loan,42000.0,14000.0,2022-03-13,12,10,0,0.017923900240692375,10.0
LN000608,STM00547,Emergency Loan,37000.0,22000.0,2023-08-16,24,6,0,0.028166128949659443,10.0
LN000609,STM00548,Emergency Loan,72000.0,17000.0,2023-02-12,12,62,1,0.07297587955139039,10.0
LN000610,STM00548,Home Loan,56000.0,40000.0,2022-10-27,60,145,1,0.07297587955139039,10.0
LN000611,STM00549,Emergency Loan,117000.0,96000.0,2022-07-25,12,19,0,0.14467148051415987,10.0
LN000612,STM00549,Emergency Loan,106000.0,17000.0,2023-11-15,36,17,0,0.14467148051415987,10.0
LN000613,STM00550,Emergency Loan,91000.0,77000.0,2023-08-12,60,7,0,0.09858145132380805,10.0
LN000614,STM00552,Business Loan,55000.0,12000.0,2022-03-05,12,16,0,0.015363343063450607,10.0
LN000615,STM00553,Home Loan,49000.0,5000.0,2022-08-04,36,50,1,0.00640139294310442,10.0
LN000616,STM00554,Business Loan,45000.0,35000.0,2023-03-23,24,25,0,0.04480975060173094,10.0
LN000617,STM00555,Business Loan,47000.0,8000.0,2022-05-24,60,6,0,0.010242228708967072,10.0
LN000618,STM00556,School Fees Loan,53000.0,9000.0,2022-11-04,12,9,0,0.06273365084242331,10.0
LN000619,STM00556,Emergency Loan,83000.0,40000.0,2022-02-05,12,7,0,0.06273365084242331,10.0
LN000620,STM00557,Emergency Loan,62000.0,41000.0,2023-04-25,24,4,0,0.052491422133456235,10.0
LN000621,STM00559,Home Loan,23000.0,17000.0,2023-05-03,60,14,0,0.02560557177241768,10.0
LN000622,STM00559,Emergency Loan,15000.0,3000.0,2023-11-22,48,6,0,0.02560557177241768,10.0
LN000623,STM00561,Business Loan,46000.0,40000.0,2023-04-28,24,19,0,0.05121114354483536,10.0
LN000624,STM00562,School Fees Loan,33000.0,21000.0,2023-05-23,36,0,0,0.026885850361038563,10.0
LN000625,STM00563,Emergency Loan,60000.0,53000.0,2022-03-03,12,20,0,0.06785476519690685,10.0
LN000626,STM00564,School Fees Loan,38000.0,15000.0,2022-03-16,60,6,0,0.01920417882931326,10.0
LN000627,STM00565,Emergency Loan,50000.0,42000.0,2023-10-27,36,34,1,0.053771700722077126,10.0
LN000628,STM00566,School Fees Loan,51000.0,35000.0,2022-06-03,48,5,0,0.04480975060173094,10.0
LN000629,STM00567,Home Loan,51000.0,8000.0,2022-01-10,60,8,0,0.010242228708967072,10.0
LN000630,STM00568,Home Loan,37000.0,25000.0,2023-03-08,36,8,0,0.0320069647155221,10.0
LN000631,STM00569,School Fees Loan,28000.0,13000.0,2022-04-04,36,21,0,0.01664362165207149,10.0
LN000632,STM00570,School Fees Loan,22000.0,11000.0,2022-03-20,60,6,0,0.014083064474829722,10.0
LN000633,STM00571,Emergency Loan,37000.0,10000.0,2023-06-06,36,14,0,0.021764736006555027,10.0
LN000634,STM00571,Emergency Loan,51000.0,7000.0,2022-04-16,48,1,0,0.021764736006555027,10.0
LN000635,STM00572,School Fees Loan,94000.0,89000.0,2023-08-08,12,34,1,0.16515593793209402,10.0
LN000636,STM00572,School Fees Loan,107000.0,40000.0,2022-08-12,36,19,0,0.16515593793209402,10.0
LN000637,STM00573,Business Loan,29000.0,16000.0,2023-02-05,12,2,0,0.029446407538280327,10.0
LN000638,STM00573,School Fees Loan,68000.0,7000.0,2022-07-25,60,10,0,0.029446407538280327,10.0
LN000639,STM00574,Emergency Loan,85000.0,17000.0,2022-01-01,36,29,0,0.07425615814001127,10.0
LN000640,STM00574,Business Loan,51000.0,41000.0,2023-02-21,60,22,0,0.07425615814001127,10.0
LN000641,STM00575,Emergency Loan,121000.0,91000.0,2022-08-19,12,25,0,0.11650535156450044,10.0
LN000642,STM00576,Home Loan,33000.0,15000.0,2022-02-20,12,48,1,0.04609002919035182,10.0
LN000643,STM00576,Business Loan,39000.0,21000.0,2022-12-21,24,91,1,0.04609002919035182,10.0
LN000644,STM00577,School Fees Loan,80000.0,70000.0,2023-05-09,60,24,0,0.08961950120346188,10.0
LN000645,STM00578,Business Loan,73000.0,11000.0,2023-05-07,48,1,0,0.014083064474829722,10.0
LN000646,STM00579,Emergency Loan,56000.0,19000.0,2022-05-29,60,13,0,0.03584780048138475,10.0
LN000647,STM00579,School Fees Loan,47000.0,9000.0,2023-04-07,24,12,0,0.03584780048138475,10.0
LN000648,STM00580,Home Loan,36000.0,22000.0,2023-11-10,48,10,0,0.040968914835868286,10.0
LN000649,STM00580,Emergency Loan,19000.0,10000.0,2022-08-18,60,22,0,0.040968914835868286,10.0
LN000650,STM00581,Emergency Loan,35000.0,26000.0,2023-01-09,24,22,0,0.03328724330414298,10.0
LN000651,STM00582,School Fees Loan,48000.0,12000.0,2022-06-30,36,38,1,0.015363343063450607,10.0
LN000652,STM00584,Emergency Loan,41000.0,22000.0,2023-09-17,12,34,1,0.028166128949659443,10.0
LN000653,STM00585,Home Loan,31000.0,5000.0,2022-08-11,12,8,0,0.00640139294310442,10.0
LN000654,STM00588,School Fees Loan,38000.0,32000.0,2022-10-22,48,81,1,0.053771700722077126,10.0
LN000655,STM00588,Business Loan,51000.0,10000.0,2023-11-15,12,1,0,0.053771700722077126,10.0
LN000656,STM00589,Emergency Loan,51000.0,5000.0,2022-01-06,36,21,0,0.037128079070005635,10.0
LN000657,STM00589,Emergency Loan,46000.0,24000.0,2022-12-01,36,30,0,0.037128079070005635,10.0
LN000658,STM00590,Home Loan,72000.0,65000.0,2022-10-23,48,27,0,0.08321810826035746,10.0
LN000659,STM00591,Home Loan,32000.0,25000.0,2022-02-22,24,20,0,0.0320069647155221,10.0
LN000660,STM00593,Emergency Loan,48000.0,9000.0,2022-09-18,48,23,0,0.011522507297587956,10.0
LN000661,STM00594,School Fees Loan,31000.0,24000.0,2023-07-14,24,22,0,0.04865058636759359,10.0
LN000662,STM00594,Home Loan,45000.0,14000.0,2022-07-30,60,31,1,0.04865058636759359,10.0
LN000663,STM00595,Home Loan,86000.0,45000.0,2022-06-14,12,27,0,0.05761253648793978,10.0
LN000664,STM00596,Emergency Loan,62000.0,8000.0,2022-11-24,48,14,0,0.010242228708967072,10.0
LN000665,STM00597,School Fees Loan,40000.0,7000.0,2022-12-28,60,7,0,0.008961950120346188,10.0
LN000666,STM00598,School Fees Loan,91000.0,14000.0,2023-03-25,60,28,0,0.08449838684897834,10.0
LN000667,STM00598,Home Loan,92000.0,52000.0,2023-07-21,12,49,1,0.08449838684897834,10.0
LN000668,STM00599,Emergency Loan,85000.0,12000.0,2023-09-22,60,8,0,0.015363343063450607,10.0
LN000669,STM00600,Business Loan,25000.0,8000.0,2022-05-26,12,11,0,0.010242228708967072,10.0
